Vertices;Di 252;Di 360
1;13,65;0,0
2;13,66;20,06
3;13,66;20,07
4;13,66;13,66
5;13,66;13,66
6;13,66;13,66
7;13,66;13,96
8;13,66;14,7
9;13,66;13,66
10;13,66;13,66
11;13,66;13,66
12;13,66;13,66
13;13,66;13,66
14;13,66;13,96
15;13,66;14,36
16;13,66;14,7
17;13,66;13,66
18;13,66;13,66
19;13,66;13,66
20;13,66;13,66
21;13,66;13,96
22;13,66;13,66
23;13,66;13,66
24;13,66;13,66
25;13,66;13,66
26;13,66;13,66
27;13,66;13,66
28;13,66;13,66
29;13,66;13,66
30;13,66;14,36
31;13,66;13,66
32;13,66;13,66
33;13,66;13,66
34;13,66;13,79
35;13,66;13,66
36;13,66;14,13
37;13,66;13,66
38;13,66;14,43
39;13,66;13,66
40;13,66;13,66
41;13,66;13,66
42;13,66;13,66
43;13,66;13,66
44;13,66;13,66
45;13,66;13,66
46;13,66;13,66
47;13,66;13,66
48;13,66;13,84
49;13,66;13,96
50;13,66;14,08
51;13,66;13,66
52;13,66;13,66
53;13,66;13,66
54;13,67;13,67
55;13,67;13,67
56;13,67;13,67
57;13,67;13,67
58;13,67;13,67
59;13,68;13,68
60;13,68;13,68
61;13,68;13,68
62;13,68;13,88
63;13,68;13,68
64;13,69;14,08
65;13,69;14,17
66;13,69;14,26
67;13,69;13,69
68;13,69;13,69
69;13,69;13,69
70;13,69;13,69
71;13,7;13,7
72;13,7;13,7
73;13,7;13,7
74;13,7;13,7
75;13,7;13,7
76;13,7;13,37
77;13,7;13,45
78;13,7;13,54
79;13,7;13,7
80;13,7;13,7
81;13,71;13,71
82;13,71;13,71
83;13,71;13,71
84;13,71;13,71
85;13,72;13,72
86;13,72;13,72
87;13,72;13,74
88;13,72;13,72
89;13,72;13,72
90;13,72;13,49
91;13,73;13,73
92;13,73;13,63
93;13,73;13,7
94;13,73;13,77
95;13,73;13,73
96;13,73;13,73
97;13,74;13,74
98;13,74;13,74
99;13,74;13,74
100;13,74;13,74
101;13,74;13,74
102;13,74;13,74
103;13,74;13,74
104;13,74;13,74
105;13,75;13,75
106;13,75;13,75
107;13,75;13,75
108;13,75;13,83
109;13,75;13,75
110;13,75;13,75
111;13,75;13,62
112;13,75;13,75
113;13,75;13,75
114;13,76;13,76
115;13,76;13,76
116;13,76;13,76
117;13,76;13,76
118;13,77;13,77
119;13,77;13,77
120;13,77;13,59
121;13,77;13,77
122;13,77;13,77
123;13,77;13,77
124;13,77;13,77
125;13,77;13,52
126;13,77;13,77
127;13,77;13,77
128;13,78;13,78
129;13,78;13,78
130;13,78;13,78
131;13,78;13,78
132;13,78;13,78
133;13,79;13,79
134;13,79;13,79
135;13,79;13,56
136;13,79;13,61
137;13,79;13,79
138;13,79;13,79
139;13,79;13,79
140;13,79;13,34
141;13,79;13,79
142;13,8;13,8
143;13,8;13,8
144;13,81;13,81
145;13,81;13,81
146;13,81;13,81
147;13,82;13,82
148;13,82;13,82
149;13,83;13,83
150;13,83;13,55
151;13,83;13,83
152;13,83;13,83
153;13,83;13,4
154;13,83;13,83
155;13,84;13,84
156;13,84;13,84
157;13,84;13,84
158;13,84;13,84
159;13,84;13,84
160;13,85;13,85
161;13,85;13,5
162;13,85;13,85
163;13,86;13,86
164;13,86;13,86
165;13,86;13,86
166;13,86;13,86
167;13,86;13,86
168;13,87;13,87
169;13,87;13,58
170;13,87;13,63
171;13,87;13,87
172;13,88;13,88
173;13,88;13,88
174;13,88;13,88
175;13,88;13,88
176;13,88;13,88
177;13,89;13,89
178;13,89;13,58
179;13,89;13,89
180;13,89;13,89
181;13,89;13,46
182;13,9;13,9
183;13,9;13,54
184;13,9;13,58
185;13,9;13,61
186;13,9;13,9
187;13,9;13,9
188;13,9;13,9
189;13,91;13,91
190;13,91;13,91
191;13,91;13,91
192;13,91;13,91
193;13,91;13,91
194;13,91;13,91
195;13,92;13,92
196;13,92;13,92
197;13,92;13,92
198;13,92;13,64
199;13,92;13,68
200;13,92;13,92
201;13,93;13,93
202;13,93;13,57
203;13,93;13,93
204;13,93;13,93
205;13,93;13,93
206;13,93;13,93
207;13,94;13,94
208;13,94;13,94
209;13,94;13,94
210;13,94;13,64
211;13,94;13,67
212;13,94;13,94
213;13,94;13,94
214;13,95;13,95
215;13,95;13,95
216;13,95;13,63
217;13,95;13,95
218;13,96;13,96
219;13,96;13,96
220;13,96;13,76
221;13,96;13,96
222;13,96;13,96
223;13,96;13,96
224;13,97;13,97
225;13,97;13,97
226;13,97;13,97
227;13,97;13,79
228;13,97;13,97
229;13,97;13,97
230;13,97;13,69
231;13,97;13,72
232;13,97;13,97
233;13,97;13,97
234;13,97;13,97
235;13,97;13,97
236;13,98;13,98
237;13,98;13,98
238;13,98;13,98
239;13,98;13,98
240;13,98;13,8
241;13,98;13,98
242;13,98;13,98
243;13,98;13,98
244;13,98;13,98
245;13,98;13,76
246;13,98;13,79
247;13,98;13,98
248;13,98;13,98
249;13,98;13,98
250;13,98;13,98
251;13,98;13,98
252;13,98;13,98
253;13,98;13,98
254;13,99;13,99
255;13,99;13,99
256;13,99;13,99
257;13,99;13,99
258;13,99;13,99
259;13,99;13,99
260;13,99;13,83
261;13,99;13,99
262;13,99;13,88
263;13,99;13,99
264;13,99;13,99
265;14,0;14,0
266;14,0;14,0
267;14,0;14,0
268;14,0;14,0
269;14,0;14,0
270;14,01;14,01
271;14,01;14,01
272;14,01;13,74
273;14,01;14,01
274;14,01;14,01
275;14,01;14,01
276;14,01;13,84
277;14,01;14,01
278;14,01;14,01
279;14,02;14,02
280;14,02;14,02
281;14,02;14,02
282;14,02;13,84
283;14,02;14,02
284;14,02;14,02
285;14,03;14,03
286;14,03;14,03
287;14,03;14,03
288;14,03;14,03
289;14,03;14,03
290;14,03;14,03
291;14,04;14,04
292;14,04;14,04
293;14,04;13,81
294;14,04;14,04
295;14,04;14,04
296;14,04;14,04
297;14,04;14,04
298;14,04;14,04
299;14,04;14,04
300;14,04;13,83
301;14,04;14,04
302;14,04;14,04
303;14,04;14,04
304;14,04;14,04
305;14,04;14,04
306;14,04;14,04
307;14,04;13,77
308;14,04;14,04
309;14,04;13,81
310;14,04;14,04
311;14,04;14,04
312;14,04;14,04
313;14,04;14,04
314;14,04;14,04
315;14,04;14,04
316;14,05;14,05
317;14,05;14,05
318;14,05;14,05
319;14,05;14,05
320;14,05;14,05
321;14,05;13,8
322;14,05;13,82
323;14,05;13,84
324;14,05;14,05
325;14,05;14,05
326;14,05;14,05
327;14,05;14,05
328;14,05;14,05
329;14,05;14,05
330;14,05;13,79
331;14,05;14,05
332;14,05;14,05
333;14,06;14,06
334;14,06;14,06
335;14,06;13,77
336;14,06;14,06
337;14,06;14,06
338;14,06;13,77
339;14,06;14,06
340;14,06;14,06
341;14,06;14,06
342;14,07;14,07
343;14,07;14,07
344;14,07;14,07
345;14,07;14,07
346;14,07;14,07
347;14,07;14,07
348;14,07;14,07
349;14,07;14,07
350;14,08;14,08
351;14,08;14,08
352;14,08;14,08
353;14,08;13,83
354;14,08;14,08
355;14,08;14,08
356;14,08;14,08
357;14,08;14,08
358;14,08;14,08
359;14,08;14,08
360;14,08;13,84
361;14,08;14,08
362;14,08;14,08
363;14,08;14,08
364;14,08;14,08
365;14,08;13,81
366;14,08;14,08
367;14,08;14,08
368;14,08;14,08
369;14,07;14,07
370;14,07;14,07
371;14,07;13,8
372;14,07;14,07
373;14,07;14,07
374;14,07;14,07
375;14,07;14,07
376;14,07;14,07
377;14,07;14,07
378;14,07;14,07
379;14,07;14,07
380;14,07;13,79
381;14,07;14,07
382;14,07;14,07
383;14,07;14,07
384;14,07;14,07
385;14,07;13,7
386;14,07;14,07
387;14,07;14,07
388;14,07;14,07
389;14,07;14,07
390;14,07;14,07
391;14,07;13,7
392;14,07;14,07
393;14,07;14,07
394;14,07;14,07
395;14,07;14,07
396;14,07;14,07
397;14,07;14,07
398;14,07;13,71
399;14,07;14,07
400;14,07;14,07
401;14,07;14,07
402;14,07;14,07
403;14,07;14,07
404;14,07;14,07
405;14,07;14,07
406;14,07;14,07
407;14,07;14,07
408;14,07;14,07
409;14,07;14,07
410;14,07;14,07
411;14,07;14,07
412;14,07;14,07
413;14,07;14,07
414;14,07;14,07
415;14,07;14,07
416;14,07;14,07
417;14,07;14,07
418;14,07;14,07
419;14,07;14,07
420;14,07;13,76
421;14,07;14,07
422;14,07;14,07
423;14,07;14,07
424;14,07;14,07
425;14,06;14,06
426;14,06;14,06
427;14,06;14,06
428;14,06;13,68
429;14,06;13,7
430;14,06;13,72
431;14,06;14,06
432;14,06;14,06
433;14,06;14,06
434;14,06;14,06
435;14,06;14,06
436;14,06;14,06
437;14,06;14,06
438;14,06;14,06
439;14,06;14,06
440;14,06;14,06
441;14,06;14,06
442;14,06;14,06
443;14,06;14,06
444;14,06;14,06
445;14,06;14,06
446;14,06;14,06
447;14,06;14,06
448;14,06;14,06
449;14,06;14,06
450;14,06;13,73
451;14,06;14,06
452;14,06;14,06
453;14,06;14,06
454;14,06;14,06
455;14,06;14,06
456;14,06;13,72
457;14,06;14,06
458;14,06;14,06
459;14,06;14,06
460;14,06;14,06
461;14,06;14,06
462;14,06;14,06
463;14,06;13,73
464;14,06;14,06
465;14,06;14,06
466;14,06;14,06
467;14,06;14,06
468;14,06;14,06
469;14,06;14,06
470;14,06;14,06
471;14,06;14,06
472;14,06;14,06
473;14,06;14,06
474;14,06;14,06
475;14,06;13,68
476;14,06;14,06
477;14,06;14,06
478;14,06;14,06
479;14,05;14,05
480;14,05;14,05
481;14,05;14,05
482;14,05;13,68
483;14,05;14,05
484;14,05;14,05
485;14,05;14,05
486;14,04;14,04
487;14,04;14,04
488;14,04;14,04
489;14,04;13,68
490;14,04;14,04
491;14,04;13,7
492;14,04;14,04
493;14,04;14,04
494;14,04;14,04
495;14,03;14,03
496;14,03;14,03
497;14,03;14,03
498;14,03;14,03
499;14,03;14,03
500;14,02;14,02
501;14,02;14,02
502;14,02;14,02
503;14,02;13,68
504;14,02;14,02
505;14,02;14,02
506;14,02;14,02
507;14,01;14,01
508;14,01;14,01
509;14,01;14,01
510;14,01;13,64
511;14,01;14,01
512;14,01;14,01
513;14,01;14,01
514;14,01;14,01
515;14,0;14,0
516;14,0;14,0
517;14,0;14,0
518;14,0;14,0
519;14,0;13,66
520;14,0;14,0
521;14,0;14,0
522;14,0;14,0
523;13,99;13,99
524;13,99;13,99
525;13,99;13,99
526;13,99;13,66
527;13,99;13,99
528;13,99;13,99
529;13,99;13,99
530;13,98;13,98
531;13,98;13,98
532;13,98;13,98
533;13,98;13,98
534;13,98;13,98
535;13,98;13,98
536;13,98;13,98
537;13,97;13,97
538;13,97;13,97
539;13,97;13,97
540;13,97;13,62
541;13,97;13,97
542;13,97;13,97
543;13,97;13,97
544;13,96;13,96
545;13,96;13,96
546;13,96;13,96
547;13,96;13,62
548;13,96;13,96
549;13,96;13,96
550;13,96;13,96
551;13,96;13,96
552;13,95;13,95
553;13,95;13,95
554;13,95;13,95
555;13,95;13,95
556;13,95;13,95
557;13,95;13,95
558;13,95;13,95
559;13,95;13,95
560;13,95;13,95
561;13,95;13,95
562;13,94;13,94
563;13,94;13,94
564;13,94;13,94
565;13,94;13,94
566;13,94;13,6
567;13,94;13,94
568;13,93;13,93
569;13,93;13,93
570;13,93;13,64
571;13,93;13,93
572;13,93;13,93
573;13,93;13,93
574;13,92;13,92
575;13,92;13,92
576;13,92;13,92
577;13,92;13,92
578;13,92;13,92
579;13,92;13,92
580;13,92;13,92
581;13,92;13,92
582;13,91;13,91
583;13,91;13,91
584;13,91;13,91
585;13,91;13,91
586;13,91;13,91
587;13,91;13,91
588;13,91;13,91
589;13,91;13,91
590;13,9;13,9
591;13,9;13,9
592;13,9;13,9
593;13,9;13,9
594;13,9;13,9
595;13,9;13,9
596;13,9;13,9
597;13,9;13,9
598;13,89;13,89
599;13,89;13,89
600;13,89;13,89
601;13,89;13,58
602;13,89;13,89
603;13,89;13,89
604;13,88;13,88
605;13,88;13,88
606;13,88;13,88
607;13,88;13,88
608;13,87;13,87
609;13,87;13,87
610;13,87;13,6
611;13,87;13,6
612;13,87;13,87
613;13,87;13,87
614;13,87;13,87
615;13,86;13,86
616;13,86;13,86
617;13,86;13,86
618;13,86;13,86
619;13,86;13,86
620;13,86;13,86
621;13,85;13,85
622;13,85;13,85
623;13,85;13,85
624;13,85;13,85
625;13,85;13,85
626;13,85;13,85
627;13,84;13,84
628;13,84;13,84
629;13,84;13,84
630;13,84;13,58
631;13,84;13,84
632;13,84;13,84
633;13,84;13,84
634;13,84;13,84
635;13,83;13,83
636;13,83;13,83
637;13,83;13,83
638;13,83;13,83
639;13,83;13,83
640;13,83;13,83
641;13,83;13,83
642;13,83;13,83
643;13,83;13,83
644;13,82;13,82
645;13,82;13,82
646;13,82;13,82
647;13,82;13,82
648;13,82;13,82
649;13,82;13,82
650;13,82;13,82
651;13,82;13,82
652;13,82;13,82
653;13,82;13,82
654;13,81;13,81
655;13,81;13,81
656;13,81;13,81
657;13,81;13,81
658;13,81;13,57
659;13,8;13,8
660;13,8;13,58
661;13,8;13,8
662;13,8;13,8
663;13,8;13,8
664;13,79;13,79
665;13,79;13,79
666;13,79;13,79
667;13,79;13,57
668;13,79;13,79
669;13,79;13,79
670;13,78;13,78
671;13,78;13,78
672;13,78;13,78
673;13,78;13,56
674;13,78;13,78
675;13,78;13,78
676;13,78;13,78
677;13,77;13,77
678;13,77;13,77
679;13,77;13,77
680;13,77;13,77
681;13,77;13,77
682;13,77;13,77
683;13,76;13,76
684;13,76;13,76
685;13,76;13,76
686;13,76;13,76
687;13,76;13,76
688;13,76;13,76
689;13,75;13,75
690;13,75;13,75
691;13,75;13,75
692;13,75;13,52
693;13,75;13,75
694;13,75;13,75
695;13,75;13,75
696;13,74;13,74
697;13,74;13,74
698;13,74;13,74
699;13,74;13,74
700;13,74;13,74
701;13,74;13,74
702;13,74;13,74
703;13,73;13,73
704;13,73;13,73
705;13,73;13,73
706;13,73;13,48
707;13,73;13,73
708;13,73;13,73
709;13,72;13,72
710;13,72;13,72
711;13,72;13,72
712;13,72;13,72
713;13,72;13,72
714;13,71;13,71
715;13,71;13,71
716;13,71;13,71
717;13,71;13,71
718;13,7;13,7
719;13,7;13,7
720;13,7;13,47
721;13,7;13,7
722;13,7;13,7
723;13,7;13,7
724;13,7;13,7
725;13,69;13,69
726;13,69;13,69
727;13,69;13,69
728;13,69;13,69
729;13,69;13,69
730;13,69;13,69
731;13,69;13,69
732;13,68;13,68
733;13,68;13,68
734;13,68;13,68
735;13,68;13,68
736;13,68;13,47
737;13,68;13,68
738;13,68;13,68
739;13,68;13,68
740;13,67;13,67
741;13,67;13,67
742;13,67;13,67
743;13,67;13,67
744;13,67;13,67
745;13,67;13,67
746;13,67;13,67
747;13,67;13,67
748;13,66;13,66
749;13,66;13,66
750;13,66;13,66
751;13,66;13,42
752;13,66;13,66
753;13,66;13,66
754;13,66;13,66
755;13,66;13,66
756;13,65;13,65
757;13,65;13,65
758;13,65;13,65
759;13,65;13,65
760;13,65;13,65
761;13,65;13,65
762;13,65;13,65
763;13,65;13,65
764;13,65;13,65
765;13,65;13,65
766;13,64;13,64
767;13,64;13,64
768;13,64;13,64
769;13,64;13,64
770;13,64;13,64
771;13,64;13,64
772;13,64;13,64
773;13,64;13,64
774;13,64;13,64
775;13,64;13,64
776;13,63;13,63
777;13,63;13,63
778;13,63;13,63
779;13,63;13,63
780;13,63;13,42
781;13,63;13,63
782;13,63;13,63
783;13,63;13,63
784;13,63;13,63
785;13,63;13,63
786;13,63;13,63
787;13,63;13,63
788;13,63;13,63
789;13,62;13,62
790;13,62;13,62
791;13,62;13,62
792;13,62;13,62
793;13,62;13,62
794;13,62;13,62
795;13,62;13,62
796;13,62;13,62
797;13,62;13,39
798;13,62;13,62
799;13,62;13,62
800;13,62;13,62
801;13,62;13,62
802;13,62;13,62
803;13,62;13,62
804;13,62;13,62
805;13,61;13,61
806;13,61;13,61
807;13,61;13,61
808;13,61;13,61
809;13,61;13,61
810;13,61;13,61
811;13,61;13,61
812;13,61;13,61
813;13,61;13,35
814;13,61;13,61
815;13,61;13,61
816;13,61;13,61
817;13,61;13,61
818;13,61;13,61
819;13,61;13,61
820;13,6;13,6
821;13,6;13,6
822;13,6;13,6
823;13,6;13,6
824;13,6;13,6
825;13,6;13,6
826;13,6;13,6
827;13,6;13,6
828;13,6;13,6
829;13,6;13,6
830;13,6;13,6
831;13,6;13,6
832;13,6;13,6
833;13,6;13,6
834;13,59;13,59
835;13,59;13,59
836;13,59;13,59
837;13,59;13,59
838;13,59;13,59
839;13,59;13,59
840;13,59;13,34
841;13,59;13,59
842;13,59;13,59
843;13,59;13,59
844;13,59;13,59
845;13,59;13,59
846;13,59;13,59
847;13,59;13,59
848;13,58;13,58
849;13,58;13,58
850;13,58;13,58
851;13,58;13,58
852;13,58;13,58
853;13,58;13,58
854;13,58;13,58
855;13,58;13,58
856;13,58;13,58
857;13,58;13,58
858;13,58;13,58
859;13,58;13,58
860;13,58;13,58
861;13,58;13,58
862;13,58;13,58
863;13,58;13,58
864;13,57;13,57
865;13,57;13,57
866;13,57;13,57
867;13,57;13,57
868;13,57;13,57
869;13,57;13,57
870;13,57;13,57
871;13,57;13,29
872;13,57;13,57
873;13,57;13,57
874;13,57;13,57
875;13,57;13,57
876;13,57;13,57
877;13,57;13,57
878;13,56;13,56
879;13,56;13,56
880;13,56;13,56
881;13,56;13,56
882;13,56;13,56
883;13,56;13,56
884;13,56;13,28
885;13,56;13,56
886;13,56;13,56
887;13,56;13,56
888;13,56;13,56
889;13,55;13,55
890;13,55;13,55
891;13,55;13,55
892;13,55;13,55
893;13,55;13,55
894;13,55;13,55
895;13,55;13,55
896;13,55;13,55
897;13,55;13,55
898;13,54;13,54
899;13,54;13,54
900;13,54;13,54
901;13,54;13,54
902;13,54;13,26
903;13,54;13,54
904;13,54;13,54
905;13,54;13,54
906;13,54;13,54
907;13,54;13,54
908;13,54;13,54
909;13,54;13,54
910;13,54;13,54
911;13,54;13,54
912;13,54;13,54
913;13,54;13,54
914;13,54;13,54
915;13,54;13,54
916;13,54;13,54
917;13,53;13,53
918;13,53;13,53
919;13,53;13,53
920;13,53;13,53
921;13,53;13,53
922;13,53;13,53
923;13,53;13,53
924;13,53;13,53
925;13,53;13,53
926;13,53;13,53
927;13,53;13,53
928;13,53;13,53
929;13,53;13,53
930;13,53;13,24
931;13,53;13,24
932;13,53;13,53
933;13,53;13,53
934;13,53;13,53
935;13,53;13,53
936;13,53;13,53
937;13,53;13,53
938;13,53;13,53
939;13,53;13,53
940;13,53;13,53
941;13,53;13,53
942;13,53;13,53
943;13,53;13,53
944;13,53;13,53
945;13,53;13,53
946;13,52;13,52
947;13,52;13,52
948;13,52;13,52
949;13,52;13,52
950;13,52;13,52
951;13,52;13,52
952;13,52;13,52
953;13,52;13,52
954;13,52;13,52
955;13,52;13,52
956;13,52;13,52
957;13,52;13,52
958;13,52;13,52
959;13,52;13,52
960;13,52;13,27
961;13,52;13,52
962;13,52;13,52
963;13,52;13,52
964;13,52;13,52
965;13,52;13,52
966;13,52;13,52
967;13,52;13,52
968;13,52;13,52
969;13,52;13,52
970;13,52;13,52
971;13,52;13,52
972;13,52;13,52
973;13,52;13,52
974;13,52;13,52
975;13,52;13,52
976;13,52;13,29
977;13,52;13,52
978;13,52;13,52
979;13,52;13,52
980;13,52;13,52
981;13,52;13,52
982;13,52;13,52
983;13,52;13,52
984;13,52;13,52
985;13,52;13,52
986;13,52;13,52
987;13,52;13,52
988;13,52;13,52
989;13,52;13,52
990;13,52;13,3
991;13,52;13,52
992;13,52;13,52
993;13,52;13,52
994;13,52;13,52
995;13,52;13,52
996;13,52;13,52
997;13,52;13,52
998;13,52;13,52
999;13,52;13,52
1000;13,52;13,52
1001;13,52;13,52
1002;13,52;13,52
1003;13,52;13,52
1004;13,52;13,52
1005;13,52;13,52
1006;13,52;13,52
1007;13,52;13,52
1008;13,52;13,52
1009;13,52;13,52
1010;13,52;13,52
1011;13,52;13,52
1012;13,52;13,52
1013;13,52;13,52
1014;13,52;13,52
1015;13,52;13,52
1016;13,52;13,52
1017;13,52;13,52
1018;13,52;13,52
1019;13,52;13,52
1020;13,52;13,52
1021;13,52;13,29
1022;13,52;13,52
1023;13,52;13,3
1024;13,52;13,52
1025;13,52;13,52
1026;13,52;13,52
1027;13,52;13,52
1028;13,52;13,52
1029;13,52;13,52
1030;13,51;13,51
1031;13,51;13,51
1032;13,51;13,51
1033;13,51;13,51
1034;13,51;13,51
1035;13,51;13,51
1036;13,51;13,51
1037;13,51;13,51
1038;13,51;13,51
1039;13,51;13,51
1040;13,51;13,51
1041;13,51;13,51
1042;13,51;13,51
1043;13,51;13,51
1044;13,5;13,5
1045;13,5;13,5
1046;13,5;13,5
1047;13,5;13,5
1048;13,5;13,5
1049;13,5;13,5
1050;13,5;13,28
1051;13,5;13,5
1052;13,5;13,5
1053;13,5;13,5
1054;13,5;13,5
1055;13,5;13,5
1056;13,49;13,49
1057;13,49;13,49
1058;13,49;13,49
1059;13,49;13,49
1060;13,49;13,49
1061;13,49;13,49
1062;13,49;13,49
1063;13,49;13,49
1064;13,49;13,49
1065;13,48;13,48
1066;13,48;13,48
1067;13,48;13,48
1068;13,48;13,48
1069;13,48;13,48
1070;13,48;13,27
1071;13,48;13,48
1072;13,48;13,48
1073;13,48;13,48
1074;13,48;13,48
1075;13,48;13,48
1076;13,47;13,47
1077;13,47;13,47
1078;13,47;13,47
1079;13,47;13,47
1080;13,47;13,28
1081;13,47;13,47
1082;13,47;13,47
1083;13,47;13,47
1084;13,47;13,47
1085;13,47;13,47
1086;13,47;13,47
1087;13,47;13,47
1088;13,46;13,46
1089;13,46;13,46
1090;13,46;13,46
1091;13,46;13,46
1092;13,46;13,46
1093;13,46;13,46
1094;13,46;13,46
1095;13,46;13,46
1096;13,46;13,46
1097;13,46;13,46
1098;13,46;13,46
1099;13,46;13,46
1100;13,46;13,46
1101;13,46;13,46
1102;13,46;13,46
1103;13,46;13,46
1104;13,46;13,46
1105;13,45;13,45
1106;13,45;13,45
1107;13,45;13,45
1108;13,45;13,45
1109;13,45;13,45
1110;13,45;13,45
1111;13,45;13,45
1112;13,45;13,24
1113;13,45;13,45
1114;13,45;13,45
1115;13,45;13,45
1116;13,45;13,24
1117;13,45;13,45
1118;13,45;13,45
1119;13,45;13,45
1120;13,45;13,45
1121;13,45;13,45
1122;13,45;13,45
1123;13,45;13,45
1124;13,45;13,45
1125;13,45;13,45
1126;13,45;13,45
1127;13,45;13,45
1128;13,44;13,44
1129;13,44;13,44
1130;13,44;13,44
1131;13,44;13,44
1132;13,44;13,44
1133;13,44;13,44
1134;13,44;13,44
1135;13,44;13,44
1136;13,44;13,44
1137;13,44;13,44
1138;13,44;13,44
1139;13,44;13,44
1140;13,44;13,23
1141;13,44;13,44
1142;13,44;13,44
1143;13,44;13,44
1144;13,44;13,44
1145;13,44;13,44
1146;13,44;13,44
1147;13,44;13,44
1148;13,44;13,44
1149;13,44;13,44
1150;13,44;13,44
1151;13,44;13,44
1152;13,44;13,44
1153;13,44;13,44
1154;13,44;13,44
1155;13,44;13,44
1156;13,44;13,44
1157;13,44;13,44
1158;13,44;13,44
1159;13,44;13,44
1160;13,44;13,44
1161;13,44;13,44
1162;13,44;13,44
1163;13,44;13,21
1164;13,44;13,44
1165;13,44;13,44
1166;13,44;13,44
1167;13,44;13,44
1168;13,44;13,44
1169;13,44;13,44
1170;13,44;13,21
1171;13,44;13,44
1172;13,44;13,44
1173;13,44;13,44
1174;13,44;13,44
1175;13,44;13,44
1176;13,44;13,44
1177;13,44;13,44
1178;13,44;13,44
1179;13,44;13,44
1180;13,44;13,44
1181;13,44;13,44
1182;13,44;13,44
1183;13,44;13,44
1184;13,44;13,44
1185;13,44;13,44
1186;13,44;13,44
1187;13,44;13,44
1188;13,44;13,44
1189;13,44;13,44
1190;13,44;13,44
1191;13,44;13,44
1192;13,44;13,44
1193;13,44;13,44
1194;13,44;13,44
1195;13,44;13,44
1196;13,44;13,44
1197;13,44;13,44
1198;13,44;13,44
1199;13,44;13,44
1200;13,44;13,23
1201;13,44;13,44
1202;13,44;13,44
1203;13,43;13,43
1204;13,43;13,43
1205;13,43;13,22
1206;13,43;13,43
1207;13,43;13,43
1208;13,43;13,43
1209;13,43;13,43
1210;13,43;13,43
1211;13,43;13,43
1212;13,43;13,43
1213;13,43;13,43
1214;13,43;13,43
1215;13,43;13,43
1216;13,43;13,43
1217;13,43;13,43
1218;13,43;13,43
1219;13,43;13,43
1220;13,43;13,43
1221;13,43;13,43
1222;13,43;13,43
1223;13,43;13,43
1224;13,43;13,43
1225;13,43;13,43
1226;13,43;13,43
1227;13,43;13,43
1228;13,44;13,44
1229;13,44;13,44
1230;13,44;13,44
1231;13,44;13,44
1232;13,44;13,44
1233;13,44;13,44
1234;13,44;13,44
1235;13,44;13,44
1236;13,44;13,44
1237;13,44;13,44
1238;13,44;13,44
1239;13,44;13,44
1240;13,44;13,44
1241;13,44;13,44
1242;13,44;13,44
1243;13,44;13,44
1244;13,44;13,44
1245;13,44;13,44
1246;13,44;13,44
1247;13,44;13,44
1248;13,44;13,44
1249;13,44;13,2
1250;13,44;13,44
1251;13,44;13,44
1252;13,44;13,44
1253;13,44;13,44
1254;13,44;13,44
1255;13,44;13,44
1256;13,44;13,44
1257;13,44;13,44
1258;13,44;13,44
1259;13,44;13,44
1260;13,44;13,44
1261;13,44;13,44
1262;13,44;13,44
1263;13,44;13,44
1264;13,44;13,44
1265;13,44;13,44
1266;13,44;13,44
1267;13,44;13,44
1268;13,44;13,44
1269;13,44;13,44
1270;13,44;13,44
1271;13,44;13,44
1272;13,44;13,44
1273;13,44;13,44
1274;13,44;13,44
1275;13,44;13,44
1276;13,44;13,44
1277;13,44;13,44
1278;13,44;13,44
1279;13,44;13,44
1280;13,44;13,44
1281;13,44;13,44
1282;13,44;13,44
1283;13,44;13,44
1284;13,44;13,44
1285;13,44;13,44
1286;13,44;13,44
1287;13,44;13,44
1288;13,44;13,44
1289;13,44;13,44
1290;13,44;13,44
1291;13,44;13,44
1292;13,44;13,44
1293;13,44;13,44
1294;13,44;13,44
1295;13,44;13,44
1296;13,44;13,2
1297;13,44;13,44
1298;13,44;13,44
1299;13,44;13,44
1300;13,44;13,44
1301;13,44;13,44
1302;13,43;13,43
1303;13,43;13,43
1304;13,43;13,43
1305;13,43;13,43
1306;13,43;13,43
1307;13,43;13,43
1308;13,43;13,43
1309;13,43;13,43
1310;13,43;13,43
1311;13,43;13,43
1312;13,43;13,43
1313;13,43;13,43
1314;13,42;13,42
1315;13,42;13,42
1316;13,42;13,42
1317;13,42;13,42
1318;13,42;13,42
1319;13,42;13,42
1320;13,42;13,42
1321;13,42;13,42
1322;13,42;13,42
1323;13,42;13,42
1324;13,42;13,42
1325;13,42;13,42
1326;13,41;13,41
1327;13,41;13,41
1328;13,41;13,41
1329;13,41;13,41
1330;13,41;13,41
1331;13,41;13,41
1332;13,41;13,41
1333;13,41;13,41
1334;13,41;13,41
1335;13,41;13,41
1336;13,41;13,41
1337;13,41;13,41
1338;13,4;13,4
1339;13,4;13,4
1340;13,4;13,4
1341;13,4;13,4
1342;13,4;13,4
1343;13,4;13,17
1344;13,4;13,4
1345;13,4;13,4
1346;13,4;13,4
1347;13,4;13,4
1348;13,4;13,4
1349;13,39;13,39
1350;13,39;13,39
1351;13,39;13,39
1352;13,39;13,39
1353;13,39;13,39
1354;13,39;13,39
1355;13,39;13,39
1356;13,39;13,39
1357;13,39;13,39
1358;13,39;13,39
1359;13,39;13,39
1360;13,38;13,38
1361;13,38;13,38
1362;13,38;13,38
1363;13,38;13,38
1364;13,38;13,38
1365;13,38;13,38
1366;13,38;13,38
1367;13,38;13,38
1368;13,38;13,38
1369;13,38;13,38
1370;13,38;13,38
1371;13,38;13,38
1372;13,37;13,37
1373;13,37;13,37
1374;13,37;13,37
1375;13,37;13,37
1376;13,37;13,37
1377;13,37;13,37
1378;13,37;13,37
1379;13,37;13,37
1380;13,37;13,37
1381;13,37;13,37
1382;13,37;13,37
1383;13,36;13,36
1384;13,36;13,36
1385;13,36;13,36
1386;13,36;13,36
1387;13,36;13,36
1388;13,36;13,15
1389;13,36;13,36
1390;13,36;13,36
1391;13,36;13,36
1392;13,36;13,36
1393;13,36;13,36
1394;13,36;13,36
1395;13,36;13,36
1396;13,36;13,36
1397;13,36;13,36
1398;13,36;13,36
1399;13,36;13,36
1400;13,36;13,36
1401;13,36;13,36
1402;13,36;13,36
1403;13,36;13,36
1404;13,36;13,36
1405;13,36;13,36
1406;13,36;13,36
1407;13,36;13,36
1408;13,36;13,36
1409;13,36;13,36
1410;13,36;13,36
1411;13,36;13,36
1412;13,36;13,36
1413;13,36;13,36
1414;13,36;13,36
1415;13,36;13,36
1416;13,36;13,36
1417;13,36;13,36
1418;13,36;13,36
1419;13,36;13,36
1420;13,36;13,36
1421;13,36;13,36
1422;13,36;13,36
1423;13,36;13,36
1424;13,36;13,36
1425;13,36;13,36
1426;13,36;13,36
1427;13,36;13,36
1428;13,36;13,36
1429;13,36;13,36
1430;13,36;13,36
1431;13,36;13,36
1432;13,36;13,36
1433;13,36;13,36
1434;13,36;13,12
1435;13,36;13,36
1436;13,36;13,36
1437;13,36;13,36
1438;13,36;13,36
1439;13,36;13,36
1440;13,36;13,36
1441;13,36;13,12
1442;13,36;13,36
1443;13,36;13,36
1444;13,36;13,36
1445;13,36;13,36
1446;13,36;13,36
1447;13,36;13,36
1448;13,36;13,36
1449;13,36;13,36
1450;13,36;13,36
1451;13,36;13,36
1452;13,36;13,36
1453;13,36;13,36
1454;13,36;13,36
1455;13,36;13,36
1456;13,36;13,36
1457;13,36;13,36
1458;13,36;13,36
1459;13,36;13,36
1460;13,36;13,36
1461;13,36;13,36
1462;13,36;13,36
1463;13,36;13,36
1464;13,36;13,36
1465;13,36;13,36
1466;13,36;13,36
1467;13,36;13,36
1468;13,36;13,36
1469;13,36;13,36
1470;13,36;13,36
1471;13,36;13,36
1472;13,36;13,36
1473;13,36;13,36
1474;13,36;13,36
1475;13,36;13,36
1476;13,36;13,36
1477;13,36;13,36
1478;13,36;13,36
1479;13,36;13,36
1480;13,36;13,36
1481;13,36;13,36
1482;13,36;13,36
1483;13,36;13,11
1484;13,36;13,36
1485;13,36;13,36
1486;13,36;13,36
1487;13,36;13,36
1488;13,36;13,36
1489;13,36;13,36
1490;13,36;13,36
1491;13,36;13,36
1492;13,36;13,36
1493;13,36;13,36
1494;13,36;13,36
1495;13,36;13,36
1496;13,36;13,36
1497;13,36;13,36
1498;13,36;13,36
1499;13,36;13,36
1500;13,36;13,36
1501;13,36;13,36
1502;13,36;13,36
1503;13,36;13,36
1504;13,36;13,36
1505;13,35;13,35
1506;13,35;13,35
1507;13,35;13,35
1508;13,35;13,35
1509;13,35;13,35
1510;13,35;13,35
1511;13,35;13,35
1512;13,35;13,35
1513;13,35;13,35
1514;13,35;13,35
1515;13,35;13,35
1516;13,35;13,35
1517;13,35;13,35
1518;13,35;13,35
1519;13,35;13,35
1520;13,35;13,35
1521;13,35;13,35
1522;13,35;13,35
1523;13,35;13,35
1524;13,35;13,35
1525;13,35;13,09
1526;13,35;13,35
1527;13,35;13,35
1528;13,35;13,35
1529;13,35;13,35
1530;13,35;13,35
1531;13,35;13,35
1532;13,35;13,35
1533;13,35;13,35
1534;13,35;13,35
1535;13,35;13,35
1536;13,35;13,35
1537;13,35;13,35
1538;13,35;13,35
1539;13,35;13,35
1540;13,35;13,35
1541;13,35;13,35
1542;13,35;13,35
1543;13,35;13,35
1544;13,35;13,35
1545;13,35;13,35
1546;13,35;13,35
1547;13,35;13,35
1548;13,34;13,34
1549;13,34;13,34
1550;13,34;13,34
1551;13,34;13,34
1552;13,34;13,34
1553;13,34;13,34
1554;13,34;13,34
1555;13,34;13,34
1556;13,34;13,34
1557;13,34;13,34
1558;13,34;13,34
1559;13,34;13,34
1560;13,34;13,34
1561;13,34;13,34
1562;13,34;13,34
1563;13,34;13,34
1564;13,34;13,34
1565;13,34;13,34
1566;13,34;13,34
1567;13,34;13,34
1568;13,34;13,34
1569;13,34;13,34
1570;13,34;13,09
1571;13,34;13,34
1572;13,34;13,34
1573;13,34;13,34
1574;13,34;13,34
1575;13,34;13,34
1576;13,34;13,34
1577;13,34;13,34
1578;13,34;13,34
1579;13,34;13,34
1580;13,34;13,34
1581;13,34;13,34
1582;13,34;13,34
1583;13,34;13,34
1584;13,34;13,34
1585;13,34;13,34
1586;13,34;13,34
1587;13,34;13,34
1588;13,34;13,34
1589;13,34;13,34
1590;13,34;13,34
1591;13,34;13,34
1592;13,34;13,34
1593;13,34;13,34
1594;13,34;13,34
1595;13,34;13,34
1596;13,34;13,34
1597;13,34;13,34
1598;13,34;13,34
1599;13,34;13,34
1600;13,34;13,34
1601;13,34;13,34
1602;13,34;13,34
1603;13,34;13,34
1604;13,34;13,34
1605;13,34;13,34
1606;13,34;13,34
1607;13,34;13,34
1608;13,34;13,34
1609;13,34;13,34
1610;13,34;13,34
1611;13,34;13,34
1612;13,34;13,34
1613;13,34;13,34
1614;13,34;13,34
1615;13,34;13,34
1616;13,34;13,08
1617;13,34;13,34
1618;13,34;13,34
1619;13,34;13,34
1620;13,34;13,34
1621;13,34;13,34
1622;13,34;13,34
1623;13,34;13,34
1624;13,34;13,34
1625;13,34;13,34
1626;13,34;13,34
1627;13,34;13,34
1628;13,34;13,34
1629;13,34;13,34
1630;13,34;13,34
1631;13,34;13,34
1632;13,34;13,34
1633;13,34;13,34
1634;13,34;13,34
1635;13,34;13,34
1636;13,34;13,34
1637;13,34;13,34
1638;13,34;13,34
1639;13,33;13,33
1640;13,33;13,33
1641;13,33;13,33
1642;13,33;13,33
1643;13,33;13,33
1644;13,33;13,33
1645;13,33;13,33
1646;13,33;13,33
1647;13,33;13,33
1648;13,33;13,33
1649;13,33;13,33
1650;13,33;13,33
1651;13,33;13,33
1652;13,33;13,33
1653;13,33;13,33
1654;13,33;13,33
1655;13,33;13,33
1656;13,33;13,33
1657;13,33;13,33
1658;13,33;13,33
1659;13,33;13,33
1660;13,33;13,33
1661;13,33;13,09
1662;13,33;13,33
1663;13,33;13,33
1664;13,33;13,33
1665;13,33;13,33
1666;13,33;13,33
1667;13,33;13,33
1668;13,33;13,33
1669;13,33;13,33
1670;13,33;13,33
1671;13,33;13,33
1672;13,33;13,33
1673;13,33;13,33
1674;13,33;13,33
1675;13,33;13,33
1676;13,33;13,33
1677;13,33;13,33
1678;13,33;13,33
1679;13,33;13,33
1680;13,33;13,33
1681;13,33;13,33
1682;13,33;13,33
1683;13,33;13,33
1684;13,33;13,33
1685;13,33;13,33
1686;13,33;13,33
1687;13,33;13,33
1688;13,33;13,33
1689;13,33;13,33
1690;13,33;13,33
1691;13,33;13,33
1692;13,33;13,33
1693;13,33;13,33
1694;13,33;13,33
1695;13,33;13,33
1696;13,33;13,33
1697;13,33;13,33
1698;13,33;13,33
1699;13,33;13,33
1700;13,33;13,33
1701;13,33;13,33
1702;13,33;13,33
1703;13,33;13,33
1704;13,33;13,33
1705;13,33;13,33
1706;13,33;13,33
1707;13,33;13,09
1708;13,33;13,33
1709;13,33;13,33
1710;13,33;13,33
1711;13,33;13,33
1712;13,33;13,33
1713;13,33;13,33
1714;13,33;13,33
1715;13,33;13,33
1716;13,33;13,33
1717;13,33;13,33
1718;13,33;13,33
1719;13,33;13,33
1720;13,33;13,33
1721;13,33;13,33
1722;13,33;13,33
1723;13,33;13,33
1724;13,33;13,33
1725;13,33;13,33
1726;13,33;13,33
1727;13,33;13,33
1728;13,33;13,33
1729;13,33;13,33
1730;13,33;13,33
1731;13,33;13,33
1732;13,33;13,33
1733;13,33;13,33
1734;13,33;13,33
1735;13,33;13,33
1736;13,33;13,33
1737;13,33;13,33
1738;13,33;13,33
1739;13,33;13,33
1740;13,33;13,33
1741;13,33;13,33
1742;13,33;13,33
1743;13,33;13,33
1744;13,33;13,33
1745;13,33;13,33
1746;13,33;13,33
1747;13,33;13,33
1748;13,33;13,33
1749;13,33;13,33
1750;13,33;13,33
1751;13,33;13,33
1752;13,33;13,33
1753;13,33;13,1
1754;13,33;13,33
1755;13,33;13,33
1756;13,33;13,33
1757;13,33;13,33
1758;13,33;13,33
1759;13,33;13,33
1760;13,33;13,33
1761;13,33;13,33
1762;13,33;13,33
1763;13,33;13,33
1764;13,33;13,33
1765;13,33;13,33
1766;13,33;13,33
1767;13,33;13,33
1768;13,33;13,33
1769;13,33;13,33
1770;13,33;13,33
1771;13,33;13,33
1772;13,33;13,33
1773;13,33;13,33
1774;13,33;13,33
1775;13,33;13,33
1776;13,33;13,33
1777;13,33;13,33
1778;13,33;13,33
1779;13,33;13,33
1780;13,33;13,33
1781;13,33;13,33
1782;13,33;13,33
1783;13,33;13,33
1784;13,33;13,33
1785;13,33;13,33
1786;13,33;13,33
1787;13,33;13,33
1788;13,33;13,33
1789;13,33;13,33
1790;13,33;13,33
1791;13,33;13,33
1792;13,33;13,33
1793;13,33;13,33
1794;13,33;13,33
1795;13,33;13,33
1796;13,33;13,33
1797;13,33;13,33
1798;13,33;13,33
1799;13,33;13,08
1800;13,33;13,08
1801;13,33;13,33
1802;13,33;13,33
1803;13,33;13,33
1804;13,33;13,33
1805;13,33;13,33
1806;13,33;13,33
1807;13,33;13,33
1808;13,33;13,33
1809;13,33;13,33
1810;13,33;13,33
1811;13,33;13,33
1812;13,33;13,33
1813;13,33;13,33
1814;13,33;13,33
1815;13,33;13,33
1816;13,33;13,33
1817;13,33;13,33
1818;13,33;13,33
1819;13,33;13,33
1820;13,33;13,33
1821;13,33;13,33
1822;13,33;13,33
1823;13,33;13,33
1824;13,33;13,33
1825;13,33;13,33
1826;13,33;13,33
1827;13,33;13,33
1828;13,33;13,33
1829;13,33;13,33
1830;13,33;13,33
1831;13,33;13,33
1832;13,33;13,33
1833;13,33;13,33
1834;13,33;13,33
1835;13,33;13,33
1836;13,33;13,33
1837;13,33;13,33
1838;13,33;13,33
1839;13,33;13,33
1840;13,33;13,33
1841;13,33;13,33
1842;13,33;13,33
1843;13,33;13,33
1844;13,33;13,33
1845;13,33;13,33
1846;13,33;13,33
1847;13,33;13,09
1848;13,33;13,33
1849;13,33;13,33
1850;13,33;13,33
1851;13,33;13,33
1852;13,33;13,33
1853;13,33;13,33
1854;13,33;13,33
1855;13,33;13,33
1856;13,33;13,33
1857;13,33;13,33
1858;13,33;13,33
1859;13,33;13,33
1860;13,33;13,33
1861;13,33;13,33
1862;13,33;13,33
1863;13,33;13,33
1864;13,33;13,33
1865;13,33;13,33
1866;13,33;13,33
1867;13,33;13,33
1868;13,33;13,33
1869;13,33;13,33
1870;13,33;13,33
1871;13,33;13,33
1872;13,33;13,33
1873;13,33;13,33
1874;13,33;13,33
1875;13,33;13,33
1876;13,33;13,33
1877;13,33;13,33
1878;13,33;13,33
1879;13,33;13,33
1880;13,33;13,33
1881;13,33;13,33
1882;13,33;13,33
1883;13,33;13,33
1884;13,33;13,33
1885;13,33;13,33
1886;13,33;13,33
1887;13,33;13,33
1888;13,33;13,33
1889;13,33;13,33
1890;13,33;13,11
1891;13,33;13,33
1892;13,33;13,33
1893;13,33;13,33
1894;13,33;13,33
1895;13,33;13,33
1896;13,33;13,33
1897;13,33;13,33
1898;13,33;13,33
1899;13,33;13,33
1900;13,33;13,33
1901;13,33;13,33
1902;13,33;13,33
1903;13,33;13,33
1904;13,33;13,33
1905;13,33;13,33
1906;13,33;13,33
1907;13,33;13,33
1908;13,33;13,33
1909;13,33;13,33
1910;13,33;13,33
1911;13,33;13,33
1912;13,33;13,33
1913;13,33;13,33
1914;13,33;13,33
1915;13,33;13,33
1916;13,33;13,33
1917;13,33;13,33
1918;13,33;13,33
1919;13,33;13,33
1920;13,33;13,33
1921;13,33;13,33
1922;13,33;13,33
1923;13,33;13,33
1924;13,33;13,33
1925;13,33;13,33
1926;13,33;13,33
1927;13,33;13,33
1928;13,33;13,33
1929;13,33;13,33
1930;13,33;13,33
1931;13,33;13,33
1932;13,33;13,33
1933;13,33;13,33
1934;13,33;13,33
1935;13,34;13,34
1936;13,34;13,34
1937;13,34;13,34
1938;13,34;13,34
1939;13,34;13,34
1940;13,34;13,34
1941;13,34;13,34
1942;13,34;13,34
1943;13,34;13,34
1944;13,34;13,34
1945;13,34;13,34
1946;13,34;13,34
1947;13,34;13,34
1948;13,34;13,34
1949;13,34;13,34
1950;13,34;13,34
1951;13,34;13,34
1952;13,34;13,34
1953;13,34;13,34
1954;13,34;13,34
1955;13,34;13,34
1956;13,34;13,34
1957;13,34;13,34
1958;13,34;13,34
1959;13,34;13,34
1960;13,34;13,34
1961;13,34;13,34
1962;13,34;13,34
1963;13,34;13,34
1964;13,34;13,34
1965;13,34;13,34
1966;13,34;13,34
1967;13,34;13,34
1968;13,34;13,34
1969;13,34;13,34
1970;13,34;13,34
1971;13,34;13,34
1972;13,34;13,34
1973;13,34;13,34
1974;13,34;13,34
1975;13,34;13,34
1976;13,34;13,34
1977;13,34;13,34
1978;13,34;13,34
1979;13,34;13,34
1980;13,34;13,08
1981;13,34;13,34
1982;13,34;13,34
1983;13,34;13,34
1984;13,34;13,34
1985;13,34;13,34
1986;13,34;13,34
1987;13,34;13,34
1988;13,34;13,34
1989;13,34;13,34
1990;13,34;13,34
1991;13,34;13,34
1992;13,34;13,34
1993;13,34;13,34
1994;13,34;13,34
1995;13,34;13,34
1996;13,34;13,34
1997;13,34;13,34
1998;13,34;13,34
1999;13,34;13,34
2000;13,34;13,34
2001;13,34;13,34
2002;13,34;13,34
2003;13,34;13,34
2004;13,34;13,34
2005;13,34;13,34
2006;13,34;13,34
2007;13,34;13,34
2008;13,34;13,34
2009;13,34;13,34
2010;13,34;13,34
2011;13,34;13,34
2012;13,34;13,34
2013;13,34;13,34
2014;13,34;13,34
2015;13,34;13,34
2016;13,34;13,34
2017;13,34;13,34
2018;13,34;13,34
2019;13,34;13,34
2020;13,34;13,34
2021;13,34;13,34
2022;13,34;13,34
2023;13,34;13,34
2024;13,34;13,34
2025;13,34;13,34
2026;13,34;13,34
2027;13,34;13,34
2028;13,34;13,34
2029;13,34;13,09
2030;13,34;13,34
2031;13,34;13,34
2032;13,34;13,34
2033;13,34;13,34
2034;13,34;13,34
2035;13,34;13,34
2036;13,34;13,34
2037;13,34;13,34
2038;13,34;13,34
2039;13,34;13,34
2040;13,34;13,34
2041;13,34;13,34
2042;13,34;13,34
2043;13,34;13,34
2044;13,34;13,34
2045;13,34;13,34
2046;13,34;13,34
2047;13,34;13,34
2048;13,34;13,34
2049;13,34;13,34
2050;13,34;13,34
2051;13,35;13,35
2052;13,35;13,35
2053;13,35;13,35
2054;13,35;13,35
2055;13,35;13,35
2056;13,35;13,35
2057;13,35;13,35
2058;13,35;13,35
2059;13,35;13,35
2060;13,35;13,35
2061;13,35;13,35
2062;13,35;13,35
2063;13,35;13,35
2064;13,35;13,35
2065;13,35;13,35
2066;13,35;13,35
2067;13,35;13,35
2068;13,35;13,35
2069;13,35;13,35
2070;13,35;13,35
2071;13,35;13,35
2072;13,35;13,11
2073;13,35;13,35
2074;13,35;13,35
2075;13,35;13,35
2076;13,35;13,35
2077;13,35;13,35
2078;13,35;13,35
2079;13,35;13,35
2080;13,35;13,35
2081;13,35;13,35
2082;13,35;13,35
2083;13,35;13,35
2084;13,35;13,35
2085;13,35;13,35
2086;13,35;13,35
2087;13,35;13,35
2088;13,35;13,35
2089;13,35;13,35
2090;13,35;13,35
2091;13,35;13,35
2092;13,35;13,35
2093;13,35;13,35
2094;13,35;13,35
2095;13,35;13,35
2096;13,35;13,35
2097;13,35;13,35
2098;13,35;13,35
2099;13,35;13,35
2100;13,35;13,35
2101;13,35;13,35
2102;13,35;13,35
2103;13,35;13,35
2104;13,35;13,35
2105;13,35;13,35
2106;13,35;13,35
2107;13,35;13,35
2108;13,35;13,35
2109;13,35;13,35
2110;13,35;13,35
2111;13,35;13,35
2112;13,35;13,35
2113;13,35;13,35
2114;13,35;13,35
2115;13,35;13,35
2116;13,35;13,35
2117;13,35;13,35
2118;13,35;13,35
2119;13,35;13,35
2120;13,35;13,35
2121;13,35;13,35
2122;13,35;13,35
2123;13,35;13,35
2124;13,35;13,35
2125;13,35;13,35
2126;13,35;13,35
2127;13,35;13,35
2128;13,35;13,35
2129;13,35;13,35
2130;13,35;13,35
2131;13,35;13,35
2132;13,35;13,35
2133;13,35;13,35
2134;13,35;13,35
2135;13,35;13,35
2136;13,35;13,35
2137;13,35;13,35
2138;13,35;13,35
2139;13,35;13,35
2140;13,35;13,35
2141;13,35;13,35
2142;13,35;13,35
2143;13,35;13,35
2144;13,35;13,35
2145;13,35;13,35
2146;13,35;13,35
2147;13,35;13,35
2148;13,35;13,35
2149;13,35;13,35
2150;13,35;13,35
2151;13,35;13,35
2152;13,35;13,35
2153;13,35;13,35
2154;13,35;13,35
2155;13,35;13,35
2156;13,35;13,35
2157;13,35;13,35
2158;13,35;13,35
2159;13,35;13,35
2160;13,35;13,35
2161;13,35;13,35
2162;13,35;13,1
2163;13,35;13,35
2164;13,35;13,35
2165;13,35;13,1
2166;13,35;13,35
2167;13,35;13,35
2168;13,35;13,35
2169;13,35;13,35
2170;13,35;13,35
2171;13,35;13,35
2172;13,35;13,35
2173;13,35;13,35
2174;13,35;13,35
2175;13,35;13,35
2176;13,35;13,35
2177;13,35;13,35
2178;13,35;13,35
2179;13,35;13,35
2180;13,35;13,35
2181;13,35;13,35
2182;13,35;13,35
2183;13,35;13,35
2184;13,35;13,35
2185;13,35;13,35
2186;13,35;13,35
2187;13,35;13,35
2188;13,35;13,35
2189;13,35;13,35
2190;13,35;13,35
2191;13,35;13,35
2192;13,35;13,35
2193;13,35;13,35
2194;13,35;13,35
2195;13,35;13,35
2196;13,35;13,35
2197;13,35;13,35
2198;13,35;13,35
2199;13,35;13,35
2200;13,35;13,35
2201;13,35;13,35
2202;13,35;13,35
2203;13,35;13,35
2204;13,35;13,35
2205;13,35;13,35
2206;13,35;13,35
2207;13,35;13,35
2208;13,35;13,35
2209;13,35;13,35
2210;13,35;13,35
2211;13,35;13,35
2212;13,35;13,09
2213;13,35;13,35
2214;13,35;13,35
2215;13,35;13,35
2216;13,35;13,35
2217;13,35;13,35
2218;13,35;13,35
2219;13,35;13,35
2220;13,35;13,35
2221;13,35;13,35
2222;13,35;13,35
2223;13,35;13,35
2224;13,35;13,35
2225;13,35;13,35
2226;13,35;13,35
2227;13,35;13,35
2228;13,35;13,35
2229;13,35;13,35
2230;13,35;13,35
2231;13,35;13,35
2232;13,35;13,35
2233;13,35;13,35
2234;13,35;13,35
2235;13,35;13,35
2236;13,35;13,35
2237;13,35;13,35
2238;13,35;13,35
2239;13,35;13,35
2240;13,35;13,35
2241;13,35;13,35
2242;13,35;13,35
2243;13,35;13,35
2244;13,35;13,35
2245;13,35;13,35
2246;13,35;13,35
2247;13,35;13,35
2248;13,35;13,35
2249;13,35;13,35
2250;13,35;13,35
2251;13,35;13,35
2252;13,35;13,35
2253;13,35;13,35
2254;13,35;13,35
2255;13,35;13,35
2256;13,35;13,08
2257;13,35;13,35
2258;13,35;13,35
2259;13,35;13,35
2260;13,35;13,35
2261;13,35;13,35
2262;13,35;13,35
2263;13,35;13,35
2264;13,35;13,35
2265;13,35;13,35
2266;13,35;13,35
2267;13,35;13,35
2268;13,35;13,35
2269;13,35;13,35
2270;13,35;13,35
2271;13,35;13,35
2272;13,35;13,35
2273;13,35;13,35
2274;13,35;13,35
2275;13,35;13,35
2276;13,35;13,35
2277;13,35;13,35
2278;13,35;13,35
2279;13,34;13,34
2280;13,34;13,34
2281;13,34;13,34
2282;13,34;13,34
2283;13,34;13,34
2284;13,34;13,34
2285;13,34;13,34
2286;13,34;13,34
2287;13,34;13,34
2288;13,34;13,34
2289;13,34;13,34
2290;13,34;13,34
2291;13,34;13,34
2292;13,34;13,34
2293;13,34;13,34
2294;13,34;13,34
2295;13,34;13,34
2296;13,34;13,34
2297;13,34;13,34
2298;13,34;13,34
2299;13,34;13,34
2300;13,34;13,34
2301;13,34;13,34
2302;13,34;13,34
2303;13,34;13,34
2304;13,34;13,34
2305;13,34;13,34
2306;13,34;13,34
2307;13,34;13,34
2308;13,34;13,34
2309;13,34;13,34
2310;13,34;13,34
2311;13,34;13,34
2312;13,34;13,34
2313;13,34;13,34
2314;13,34;13,34
2315;13,34;13,34
2316;13,34;13,34
2317;13,34;13,34
2318;13,34;13,34
2319;13,34;13,34
2320;13,34;13,34
2321;13,34;13,34
2322;13,34;13,34
2323;13,33;13,33
2324;13,33;13,33
2325;13,33;13,33
2326;13,33;13,33
2327;13,33;13,33
2328;13,33;13,33
2329;13,33;13,33
2330;13,33;13,33
2331;13,33;13,33
2332;13,33;13,33
2333;13,33;13,33
2334;13,33;13,33
2335;13,33;13,33
2336;13,33;13,33
2337;13,33;13,33
2338;13,33;13,33
2339;13,33;13,33
2340;13,33;13,33
2341;13,33;13,33
2342;13,33;13,33
2343;13,33;13,33
2344;13,33;13,33
2345;13,33;13,06
2346;13,33;13,33
2347;13,33;13,33
2348;13,33;13,33
2349;13,33;13,33
2350;13,33;13,33
2351;13,33;13,33
2352;13,33;13,33
2353;13,33;13,33
2354;13,33;13,33
2355;13,33;13,33
2356;13,33;13,33
2357;13,33;13,33
2358;13,33;13,33
2359;13,33;13,33
2360;13,33;13,33
2361;13,33;13,33
2362;13,33;13,33
2363;13,33;13,33
2364;13,33;13,33
2365;13,33;13,33
2366;13,33;13,33
2367;13,33;13,33
2368;13,33;13,33
2369;13,32;13,32
2370;13,32;13,32
2371;13,32;13,32
2372;13,32;13,32
2373;13,32;13,32
2374;13,32;13,32
2375;13,32;13,32
2376;13,32;13,32
2377;13,32;13,32
2378;13,32;13,32
2379;13,32;13,32
2380;13,32;13,32
2381;13,32;13,32
2382;13,32;13,32
2383;13,32;13,32
2384;13,32;13,32
2385;13,32;13,32
2386;13,32;13,32
2387;13,32;13,32
2388;13,32;13,32
2389;13,32;13,32
2390;13,32;13,32
2391;13,32;13,32
2392;13,32;13,32
2393;13,32;13,06
2394;13,32;13,32
2395;13,32;13,32
2396;13,32;13,32
2397;13,32;13,32
2398;13,32;13,32
2399;13,32;13,32
2400;13,32;13,32
2401;13,32;13,32
2402;13,32;13,32
2403;13,32;13,32
2404;13,32;13,32
2405;13,32;13,32
2406;13,32;13,32
2407;13,32;13,32
2408;13,32;13,32
2409;13,31;13,31
2410;13,31;13,31
2411;13,31;13,31
2412;13,31;13,31
2413;13,31;13,31
2414;13,31;13,31
2415;13,31;13,31
2416;13,31;13,31
2417;13,31;13,31
2418;13,31;13,31
2419;13,31;13,31
2420;13,31;13,31
2421;13,31;13,31
2422;13,31;13,31
2423;13,31;13,06
2424;13,31;13,31
2425;13,31;13,31
2426;13,31;13,31
2427;13,31;13,31
2428;13,31;13,31
2429;13,31;13,31
2430;13,31;13,31
2431;13,31;13,31
2432;13,31;13,31
2433;13,31;13,31
2434;13,31;13,31
2435;13,31;13,31
2436;13,31;13,31
2437;13,31;13,06
2438;13,31;13,31
2439;13,31;13,31
2440;13,31;13,31
2441;13,31;13,31
2442;13,31;13,31
2443;13,31;13,31
2444;13,31;13,31
2445;13,31;13,31
2446;13,31;13,31
2447;13,31;13,31
2448;13,31;13,31
2449;13,31;13,31
2450;13,31;13,31
2451;13,31;13,31
2452;13,31;13,31
2453;13,31;13,31
2454;13,31;13,31
2455;13,31;13,31
2456;13,31;13,31
2457;13,31;13,31
2458;13,31;13,31
2459;13,31;13,31
2460;13,31;13,31
2461;13,31;13,31
2462;13,31;13,31
2463;13,31;13,31
2464;13,31;13,31
2465;13,31;13,31
2466;13,31;13,31
2467;13,31;13,31
2468;13,31;13,31
2469;13,31;13,31
2470;13,31;13,31
2471;13,31;13,31
2472;13,31;13,31
2473;13,31;13,31
2474;13,31;13,31
2475;13,31;13,31
2476;13,31;13,31
2477;13,31;13,31
2478;13,31;13,31
2479;13,3;13,3
2480;13,3;13,3
2481;13,3;13,3
2482;13,3;13,3
2483;13,3;13,3
2484;13,3;13,3
2485;13,3;13,3
2486;13,3;13,3
2487;13,3;13,3
2488;13,3;13,3
2489;13,3;13,3
2490;13,3;13,3
2491;13,3;13,3
2492;13,3;13,3
2493;13,3;13,3
2494;13,3;13,3
2495;13,3;13,3
2496;13,3;13,3
2497;13,3;13,3
2498;13,3;13,3
2499;13,3;13,3
2500;13,3;13,3
2501;13,3;13,3
2502;13,3;13,3
2503;13,3;13,3
2504;13,3;13,3
2505;13,3;13,3
2506;13,3;13,3
2507;13,3;13,3
2508;13,3;13,3
2509;13,3;13,3
2510;13,3;13,3
2511;13,3;13,3
2512;13,3;13,3
2513;13,3;13,3
2514;13,3;13,3
2515;13,3;13,3
2516;13,3;13,3
2517;13,3;13,3
2518;13,3;13,3
2519;13,3;13,3
2520;13,3;13,04
